Time (s),Speed (m/s)
0:00:00.347256,108.40448725336257
